SS_hatas;SS_hiba;SS_Total;EESS%
13299.32505;3016.616947;16315.942;81.51123026
