SS_hatas;SS_hiba;SS_Total;EESS%
1145.412334;351.5876664;1497;76.51384994
