Valtozo;Cluster MS;df;Error MS;df;F;Sig.;SS_hatas;SS_hiba
Teljesitmeny;1381.358567;6;2.27083285;493;608.3048196;3.1721E-224;8288.151405;1119.520595
Boldogsag;210.6343935;6;1.993074319;493;105.6831607;2.94517E-85;1263.806361;982.5856391
Maganyossag;624.5612146;6;1.854991303;493;336.6922604;8.5474E-171;3747.367288;914.5107122
