Valtozo;Cluster MS;df;Error MS;df;F;Sig.;SS_hatas;SS_hiba
Boldogsag;64.22779295;6;0.230493392;493;278.6535109;7.32E-155;385.3667577;113.6332423
Maganyossag;66.46423298;6;0.203275055;493;326.9669905;2.77E-168;398.7853979;100.2146021
Teljesitmeny;60.21002967;6;0.27939112;493;215.5044503;2.54E-134;361.260178;137.739822
