var;KL1;KL2;KL3;KL4;KL5;KL6;KL7
teljesitmeny;21.11111111;23.41428571;15.63888889;17.89583333;9.933333333;27;25.48
boldogsag;6.194444444;8.064285714;3.638888889;6.958333333;3.4;9.114035088;7.626666667
maganyossag;6.166666667;1.114285714;7.888888889;1.479166667;4.2;0.657894737;6.506666667
